{"cameraMode":{"drawMode":0,"name":"Shaded","section":"Shading Mode"},"sceneLighting":true,"audioPlay":false,"sceneViewState":{"m_AlwaysRefresh":false,"showFog":true,"showSkybox":true,"showFlares":true,"showImageEffects":true,"showParticleSystems":true,"showVisualEffectGraphs":true,"m_FxEnabled":true},"in2DMode":false,"pivot":{"x":-0.39345383644104006,"y":3.232069730758667,"z":4.882695198059082},"rotation":{"x":-0.19199667870998383,"y":-0.011469936929643155,"z":0.002243991941213608,"w":-0.9813249707221985},"size":5.248645305633545,"orthographic":false}